쿠폰적용코드,쿠폰금액,비고
P0000XLX, 500 ,
P0000XNI," 1,000 ",
P000BNWP," 1,000 ",
P0000TAW," 1,000 ",
P0000PFQ," 1,000 ",
P000BEFW," 1,000 ",
P000BEFV," 1,000 ",
P000BDJW," 1,000 ",
P000BILW," 1,000 ",
P0000OON," 1,000 ",
P000BGQP," 1,000 ",
P000BKDE," 1,000 ",
P0000PSS," 1,000 ",
P000BGRZ," 1,000 ",
P0000ZJK," 1,000 ",
P0000PNZ," 1,000 ",
P0000PNY," 1,000 ",
P0000RPD," 1,000 ",
P0000ZJM," 1,000 ",
P000BPMQ," 1,000 ",
P000BEDA," 1,000 ",
P0000ZME," 1,000 ",
P000BJGU," 1,000 ",
P000BKPA," 1,000 ",
P000BRGU," 1,000 ",
P0000XCT," 1,000 ",
P000BDKZ," 1,000 ",
P0000QXZ," 1,000 ",
P0000QYB," 1,000 ",
P0000LZN," 1,000 ",
P000BJRT," 1,000 ",
P0000QQM," 1,000 ",
P000BJVN," 1,000 ",
P0000VTF," 1,000 ",
P0000VTE," 1,000 ",
P000BHKK," 1,000 ",
P0000VSQ," 1,000 ",
P000BNNW," 1,000 ",
P000BHTL," 1,000 ",
P000BAWW," 1,000 ",
P000BAWU," 1,000 ",
P000BAWV," 1,000 ",
P000BPDD," 1,000 ",
P000BITR," 1,000 ",
P0000TDB," 1,000 ",
P0000QWG," 1,000 ",
P0000XBP," 1,000 ",
P000BCZC," 1,000 ",
P0000VSX," 1,000 ",
P0000VSW," 1,000 ",
P000BKNJ," 1,000 ",
P000BHFB," 1,000 ",
P000BJIH," 1,000 ",
P0000XYK," 1,000 ",
P000BMYT," 1,000 ",
P0000QVJ," 1,000 ",
P0000QVI," 1,000 ",
P0000QVK," 1,000 ",
P0000WXV," 1,000 ",
P0000PWC," 1,000 ",
P0000PWB," 1,000 ",
P000BEDH," 1,000 ",
P0000RVX," 1,000 ",
P000BEIE," 1,000 ",
P0000ZDZ," 1,000 ",
P0000POW," 1,000 ",
P000BKNE," 1,000 ",
P000BJJZ," 1,000 ",
P000BKUF," 1,000 ",
P0000RUB," 1,000 ",
P0000RUC," 1,000 ",
P0000RUD," 1,000 ",
P0000RUE," 1,000 ",
P000BEDB," 1,000 ",
P000BEUE," 1,000 ",
P0000ZKI," 1,000 ",
P0000YRS," 1,000 ",
P0000RJR," 1,000 ",
P0000QYE," 1,000 ",
P0000QYD," 1,000 ",
P0000ZHF," 1,000 ",
P0000ZNW," 1,000 ",
P0000DML," 1,000 ",
P000BGQK," 1,000 ",
P0000VYW," 1,000 ",
P0000QXH," 2,000 ",
P0000MLH," 2,000 ",
P0000QAZ," 2,000 ",
P0000ULQ," 2,000 ",
P0000ULT," 2,000 ",
P000BRZY," 2,000 ",
P000BLOJ," 2,000 ",
P0000ULA," 2,000 ",
P000BHEJ," 2,000 ",
P0000RWG," 2,000 ",
P000BGJY," 2,000 ",
P000BGJX," 2,000 ",
P000BGKD," 2,000 ",
P0000XOL," 2,000 ",
P0000POK," 2,000 ",
P000BJLJ," 2,000 ",
P000BNEB," 2,000 ",
P000BEFJ," 2,000 ",
P000BHAG," 2,000 ",
P000BBPW," 2,000 ",
P000BMDJ," 2,000 ",
P0000VTG," 2,000 ",
P000BPBV," 2,000 ",
P000BUFF," 2,000 ",
P000BPRA," 2,000 ",
P000BGYA," 2,000 ",
P0000PLE," 2,000 ",
P0000VSS," 2,000 ",
P0000VSR," 2,000 ",
P0000XCL," 2,000 ",
P0000RWX," 2,000 ",
P0000RWV," 2,000 ",
P000BRHP," 2,000 ",
P0000VKT," 2,000 ",
P000BKPY," 2,000 ",
P000BKPX," 2,000 ",
P000BKWO," 2,000 ",
P0000WYJ," 2,000 ",
P0000XPK," 2,000 ",
P000BIUK," 2,000 ",
P000BCOV," 2,000 ",
P0000OOM," 2,000 ",
P000BEWQ," 2,000 ",
P000BJJA," 2,000 ",
P0000RPU," 2,000 ",
P0000XSN," 2,000 ",
P000BMZI," 2,000 ",
P000BMZJ," 2,000 ",
P0000TBP," 2,000 ",
P000BPRD," 2,000 ",
P000BPRC," 2,000 ",
P000BSLO," 2,000 ",
P000BLYS," 2,000 ",
P000BFGY," 2,000 ",
P000BGKG," 2,000 ",
P000BNRY," 2,000 ",
P0000RVS," 2,000 ",
P0000QYX," 2,000 ",
P0000RND," 2,000 ",
P000BEMB," 2,000 ",
P0000QNV," 2,000 ",
P0000RTK," 2,000 ",
P000BKPW," 2,000 ",
P000BCOX," 2,000 ",
P0000XBI," 2,000 ",
P000BJXE," 2,000 ",
P0000TAM," 2,000 ",
P0000YSG," 2,000 ",
P0000WYC," 2,000 ",
P0000WYD," 2,000 ",
P000BQQU," 2,000 ",
P0000ZAB," 2,000 ",
P0000ZAD," 2,000 ",
P000BNCJ," 2,000 ",
P0000XME," 2,000 ",
P0000XBL," 2,000 ",
P0000XZY," 2,000 ",
P000BKGA," 2,000 ",
P000BFQA," 2,000 ",
P000BIVD," 2,000 ",
P000BLMB," 3,000 ",
P0000UKV," 3,000 ",
P000BNWE," 3,000 ",
P000BNWG," 3,000 ",
P0000WAM," 3,000 ",
P000BHCP," 3,000 ",
P0000OCS," 3,000 ",
P0000MKY," 3,000 ",
P0000QAX," 3,000 ",
P0000QAV," 3,000 ",
P0000QAY," 3,000 ",
P0000XND," 3,000 ",
P000BHKR," 3,000 ",
P000BCZQ," 3,000 ",
P0000YHO," 3,000 ",
P000BPIL," 3,000 ",
P0000PHP," 3,000 ",
P000BLOV," 3,000 ",
P000BRFE," 3,000 ",
P0000VIU," 3,000 ",
P000BHHL," 3,000 ",
P000BNBS," 3,000 ",
P000BNEC," 3,000 ",
P000BNED," 3,000 ",
P0000ZGH," 3,000 ",
P000BOJZ," 3,000 ",
P000BNRN," 3,000 ",
P0000OXH," 3,000 ",
P000BHKP," 3,000 ",
P000BJWY," 3,000 ",
P0000ZEM," 3,000 ",
P000BJWW," 3,000 ",
P000BTYJ," 3,000 ",
P000BQXN," 3,000 ",
P0000SSP," 3,000 ",
P000BKLE," 3,000 ",
P000BGIV," 3,000 ",
P000BFVJ," 3,000 ",
P0000ZAL," 3,000 ",
P000BNNT," 3,000 ",
P000BNMP," 3,000 ",
P000BHHK," 3,000 ",
P0000VAW," 3,000 ",
P0000XNO," 3,000 ",
P0000VJA," 3,000 ",
P0000XQX," 3,000 ",
P000BJOF," 3,000 ",
P0000WYP," 3,000 ",
P0000WYO," 3,000 ",
P000BGMD," 3,000 ",
P000BPMN," 3,000 ",
P000BGIU," 3,000 ",
P000BEJZ," 3,000 ",
P000BPAM," 3,000 ",
P000BHKS," 3,000 ",
P0000UMQ," 3,000 ",
P000BJIW," 3,000 ",
P000BJSV," 3,000 ",
P000BJIL," 3,000 ",
P0000QVD," 3,000 ",
P000BSLP," 3,000 ",
P0000OOP," 3,000 ",
P000BPFM," 3,000 ",
P000BPFL," 3,000 ",
P000BQPC," 3,000 ",
P0000ZHL," 3,000 ",
P0000RVW," 3,000 ",
P0000MJT," 3,000 ",
P000BPQR," 3,000 ",
P000BSET," 3,000 ",
P000BJGZ," 3,000 ",
P000BCCF," 3,000 ",
P000BUOQ," 3,000 ",
P000BPNF," 3,000 ",
P000BKXD," 3,000 ",
P000BGXF," 3,000 ",
P000BPQU," 3,000 ",
P0000POJ," 3,000 ",
P000BRCL," 3,000 ",
P000BNGB," 3,000 ",
P000BOZP," 3,000 ",
P000BOZS," 3,000 ",
P0000ZEF," 3,000 ",
P0000ZEG," 3,000 ",
P0000VTB," 3,000 ",
P0000VTA," 3,000 ",
P0000RPR," 3,000 ",
P0000ZIG," 4,000 ",
P0000ULC," 4,000 ",
P000BNWH," 4,000 ",
P0000PXA," 4,000 ",
P000BFGZ," 4,000 ",
P0000YLH," 4,000 ",
P0000XNC," 4,000 ",
P0000XPC," 4,000 ",
P0000VMY," 4,000 ",
P0000XCS," 4,000 ",
P0000VUL," 4,000 ",
P0000VUM," 4,000 ",
P000BJQK," 4,000 ",
P0000RPV," 4,000 ",
P000BPML," 4,000 ",
P000BGUJ," 4,000 ",
P0000QUU," 4,000 ",
P0000PYP," 4,000 ",
P000BNXD," 4,000 ",
P000BNEJ," 4,000 ",
P000BEFT," 4,000 ",
P000BIPM," 4,000 ",
P000BIRG," 4,000 ",
P000BKJQ," 4,000 ",
P000BMEM," 4,000 ",
P000BPBX," 4,000 ",
P000BKDM," 4,000 ",
P000BLYC," 4,000 ",
P000BPLQ," 4,000 ",
P000BHQC," 4,000 ",
P000BPRU," 4,000 ",
P0000PLC," 4,000 ",
P0000PLB," 4,000 ",
P0000PLF," 4,000 ",
P000BKLD," 4,000 ",
P000BFFE," 4,000 ",
P000BEKU," 4,000 ",
P000BEKT," 4,000 ",
P0000QQK," 4,000 ",
P000BIQS," 4,000 ",
P0000RCL," 4,000 ",
P0000XDA," 4,000 ",
P0000VBD," 4,000 ",
P0000XLW," 4,000 ",
P000BPEO," 4,000 ",
P000BPPO," 4,000 ",
P0000WYL," 4,000 ",
P000BCFP," 4,000 ",
P000BBKH," 4,000 ",
P000BBYT," 4,000 ",
P000BNGT," 4,000 ",
P000BNGY," 4,000 ",
P000BNGX," 4,000 ",
P000BHEB," 4,000 ",
P000BKKW," 4,000 ",
P000BJII," 4,000 ",
P000BPMT," 4,000 ",
P000BEED," 4,000 ",
P000BEEC," 4,000 ",
P000BEEB," 4,000 ",
P0000NBD," 4,000 ",
P0000NBC," 4,000 ",
P0000QVO," 4,000 ",
P000BPKD," 4,000 ",
P0000VLM," 4,000 ",
P0000VLL," 4,000 ",
P0000VLN," 4,000 ",
P000BGIT," 4,000 ",
P000BPQT," 4,000 ",
P000BPOM," 4,000 ",
P000BNLH," 4,000 ",
P000BKXC," 4,000 ",
P000BGUG," 4,000 ",
P000BGUI," 4,000 ",
P000BHTJ," 4,000 ",
P0000XOX," 4,000 ",
P000BJSQ," 4,000 ",
P0000ZER," 4,000 ",
P0000ZET," 4,000 ",
P0000VTC," 4,000 ",
P000BBLK," 4,000 ",
P0000NOV," 5,000 ",
P0000MMS," 5,000 ",
P0000NOY," 5,000 ",
P0000MMV," 5,000 ",
P0000JJU," 5,000 ",
P000BPTC," 5,000 ",
P0000HGI," 5,000 ",
P000BPBD," 5,000 ",
P000BPIM," 5,000 ",
P000BOZV," 5,000 ",
P0000YYY," 5,000 ",
P000BKXL," 5,000 ",
P0000YKA," 5,000 ",
P000BPMM," 5,000 ",
P000BSFV," 5,000 ",
P000BKLL," 5,000 ",
P000BQST," 5,000 ",
P000BTKO," 5,000 ",
P0000QQL," 5,000 ",
P0000ZHD," 5,000 ",
P000BICU," 5,000 ",
P0000VTK," 5,000 ",
P0000RUY," 5,000 ",
P0000RRV," 5,000 ",
P0000QMX," 5,000 ",
P0000QHF," 5,000 ",
P000BKPZ," 5,000 ",
P000BCNB," 5,000 ",
P000BCNC," 5,000 ",
P0000IBQ," 5,000 ",
P0000IBS," 5,000 ",
P0000IBR," 5,000 ",
P000BCFN," 5,000 ",
P000BCFO," 5,000 ",
P000BKUO," 5,000 ",
P0000WXF," 5,000 ",
P0000OWG," 5,000 ",
P000BSAE," 5,000 ",
P000BSAF," 5,000 ",
P000BSAQ," 5,000 ",
P000BNHL," 5,000 ",
P000BGSI," 5,000 ",
P0000QPE," 5,000 ",
P0000ZHE," 5,000 ",
P0000ONA," 5,000 ",
P0000OMZ," 5,000 ",
P0000OMX," 5,000 ",
P0000ONB," 5,000 ",
P000BPKF," 5,000 ",
P0000ZFK," 5,000 ",
P0000PHQ," 5,000 ",
P000BTUG," 5,000 ",
P0000YIR," 5,000 ",
P000BGIO," 5,000 ",
P000BNLI," 5,000 ",
P0000SBQ," 5,000 ",
P000BKXA," 5,000 ",
P000BKXB," 5,000 ",
P000BKWY," 5,000 ",
P0000LXO," 5,000 ",
P000BFME," 5,000 ",
P000BFRY," 5,000 ",
P000BBVM," 5,000 ",
P000BGIW," 5,000 ",
P0000YBM," 5,000 ",
P0000WZX," 5,000 ",
P0000PFR," 5,000 ",
P000BCAR," 5,000 ",
P000BVEN," 5,000 ",
P0000DMM," 5,000 ",
P000BQRH," 5,000 ",
P000BDLO," 5,000 ",
P0000RUS," 6,000 ",
P0000ZIH," 6,000 ",
P000BPGM," 6,000 ",
P000BHDO," 6,000 ",
P0000RGO," 6,000 ",
P0000RGL," 6,000 ",
P0000RGN," 6,000 ",
P0000HAU," 6,000 ",
P0000HGJ," 6,000 ",
P000BBRX," 6,000 ",
P000BPMG," 6,000 ",
P000BEMA," 6,000 ",
P000BFQN," 6,000 ",
P0000UMM," 6,000 ",
P000BPFW," 6,000 ",
P0000ZED," 6,000 ",
P000BEZJ," 6,000 ",
P000BGUB," 6,000 ",
P000BHAM," 6,000 ",
P000BGUL," 6,000 ",
P000BJWX," 6,000 ",
P000BPMS," 6,000 ",
P000BPNE," 6,000 ",
P000BQPZ," 6,000 ",
P0000QHW," 6,000 ",
P000BGLX," 6,000 ",
P0000ZJN," 6,000 ",
P0000ROU," 6,000 ",
P000BJOH," 6,000 ",
P000BJOG," 6,000 ",
P000BQMR," 6,000 ",
P000BGQO," 6,000 ",
P000BBCW," 6,000 ",
P0000YTV," 6,000 ",
P0000YPF," 6,000 ",
P000BSAR," 6,000 ",
P000BHCU," 6,000 ",
P000BSES," 6,000 ",
P000BJSW," 6,000 ",
P0000VWM," 6,000 ",
P0000ULV," 6,000 ",
P000BFIP," 6,000 ",
P0000SVQ," 6,000 ",
P000BCAQ," 6,000 ",
P000BKWT," 6,000 ",
P0000VSZ," 6,000 ",
P000BGUD," 6,000 ",
P000BEIB," 6,000 ",
P000BUYZ," 6,000 ",
P0000WQZ," 6,000 ",
P0000WRA," 6,000 ",
P000BKNI," 6,000 ",
P000BKVM," 6,000 ",
P000BPNR," 6,000 ",
P000BOEC," 6,000 ",
P000BRMS," 6,000 ",
P000BPNX," 6,000 ",
P0000ZHK," 6,000 ",
P000BVEO," 6,000 ",
P000BASJ," 6,000 ",
P0000JUX," 6,000 ",
P0000NOZ," 7,000 ",
P0000MMI," 7,000 ",
P0000NOW," 7,000 ",
P0000QKC," 7,000 ",
P000BHAW," 7,000 ",
P000BLDN," 7,000 ",
P000BLTH," 7,000 ",
P0000RPJ," 7,000 ",
P0000RPL," 7,000 ",
P000BGLW," 7,000 ",
P0000UMP," 7,000 ",
P0000THQ," 7,000 ",
P000BFRV," 7,000 ",
P000BNSH," 7,000 ",
P000BPQY," 7,000 ",
P0000TYQ," 7,000 ",
P0000PFS," 7,000 ",
P000BFLE," 7,000 ",
P000BPKI," 7,000 ",
P000BPSP," 7,000 ",
P000BKVF," 7,000 ",
P000BHPL," 7,000 ",
P000BJIQ," 7,000 ",
P000BJCI," 7,000 ",
P000BITU," 7,000 ",
P000BMYV," 7,000 ",
P0000JJI," 7,000 ",
P000BFUD," 7,000 ",
P0000YLM," 7,000 ",
P0000YLN," 7,000 ",
P000BSJT," 7,000 ",
P000BRTG," 7,000 ",
P000BHNS," 7,000 ",
P000BJGE," 7,000 ",
P000BCAU," 7,000 ",
P000BBVN," 7,000 ",
P000BGUH," 7,000 ",
P000BCOW," 7,000 ",
P000BIAN," 7,000 ",
P0000QCS," 7,000 ",
P0000QCO," 7,000 ",
P0000YED," 8,000 ",
P000BPBP," 8,000 ",
P000BFPN," 8,000 ",
P0000MUQ," 8,000 ",
P000BDPZ," 8,000 ",
P000BSFU," 8,000 ",
P000BGEH," 8,000 ",
P000BEUQ," 8,000 ",
P000BNZE," 8,000 ",
P000BNZD," 8,000 ",
P000BLYI," 8,000 ",
P000BQUQ," 8,000 ",
P000BGYC," 8,000 ",
P000BFSO," 8,000 ",
P000BLXK," 8,000 ",
P000BPMY," 8,000 ",
P000BPQZ," 8,000 ",
P000BRFM," 8,000 ",
P000BKVY," 8,000 ",
P000BKVX," 8,000 ",
P0000QQE," 8,000 ",
P0000TAQ," 8,000 ",
P000BNOG," 8,000 ",
P0000QQD," 8,000 ",
P000BRPG," 8,000 ",
P000BGTD," 8,000 ",
P000BANM," 8,000 ",
P000BFDJ," 8,000 ",
P0000TFZ," 8,000 ",
P000BKKC," 8,000 ",
P0000VET," 8,000 ",
P0000WSH," 8,000 ",
P000BPLM," 8,000 ",
P000BOZY," 8,000 ",
P000BJUX," 8,000 ",
P000BGWI," 8,000 ",
P000BGWJ," 8,000 ",
P000BJTD," 8,000 ",
P0000ULW," 8,000 ",
P0000UMC," 8,000 ",
P0000UMF," 8,000 ",
P0000ULX," 8,000 ",
P0000UMD," 8,000 ",
P0000UMG," 8,000 ",
P000BPKO," 8,000 ",
P000BFMD," 8,000 ",
P000BPMB," 8,000 ",
P000BFSN," 8,000 ",
P000BNDX," 8,000 ",
P000BPPN," 8,000 ",
P0000UNC," 8,000 ",
P000BKWX," 8,000 ",
P0000YPL," 8,000 ",
P000BQMA," 8,000 ",
P000BRMM," 8,000 ",
P000BPRW," 8,000 ",
P000BNFY," 8,000 ",
P0000NPC," 9,000 ",
P0000NPD," 9,000 ",
P0000XPD," 9,000 ",
P0000WRD," 9,000 ",
P000BLYA," 9,000 ",
P000BPHE," 9,000 ",
P000BNJG," 9,000 ",
P000BGMB," 9,000 ",
P000BGMA," 9,000 ",
P0000NLV," 9,000 ",
P000BSNJ," 9,000 ",
P0000PHL," 9,000 ",
P000BLEX," 9,000 ",
P000BBQQ," 9,000 ",
P0000YMQ," 9,000 ",
P000BKXK," 9,000 ",
P000BLOL," 9,000 ",
P0000MKV," 9,000 ",
P0000VIT," 9,000 ",
P000BCRT," 9,000 ",
P000BCRR," 9,000 ",
P000BRTF," 9,000 ",
P000BIPN," 9,000 ",
P000BNNS," 9,000 ",
P000BTTV," 9,000 ",
P000BQQA," 9,000 ",
P000BDCD," 9,000 ",
P000BDCF," 9,000 ",
P000BEUU," 9,000 ",
P000BIJV," 9,000 ",
P000BIQV," 9,000 ",
P0000RIW," 9,000 ",
P000BQSS," 9,000 ",
P000BKKM," 9,000 ",
P000BGME," 9,000 ",
P000BRIF," 9,000 ",
P000BSAP," 9,000 ",
P000BLOK," 9,000 ",
P0000WSG," 9,000 ",
P000BEDZ," 9,000 ",
P000BGWL," 9,000 ",
P000BJIN," 9,000 ",
P000BGWC," 9,000 ",
P000BGWG," 9,000 ",
P000BGWK," 9,000 ",
P000BNAT," 9,000 ",
P000BFHU," 9,000 ",
P000BJZY," 9,000 ",
P000BOGP," 9,000 ",
P000BRZZ," 9,000 ",
P000BNOX," 9,000 ",
P0000SVN," 9,000 ",
P000BLOM," 9,000 ",
P000BUMN," 9,000 ",
P000BGUC," 9,000 ",
P000BJLO," 9,000 ",
P000BLEV," 9,000 ",
P000BFPL," 10,000 ",
P000BPTD," 10,000 ",
P000BGBT," 10,000 ",
P000BHCG," 10,000 ",
P0000YDZ," 10,000 ",
P000BSIK," 10,000 ",
P000BLDO," 10,000 ",
P0000XOJ," 10,000 ",
P000BGQB," 10,000 ",
P000BVGU," 10,000 ",
P000BPQV," 10,000 ",
P000BNSS," 10,000 ",
P0000ZFC," 10,000 ",
P0000YLK," 10,000 ",
P000BGQN," 10,000 ",
P0000PHM," 10,000 ",
P000BKVR," 10,000 ",
P000BCAV," 10,000 ",
P000BJXT," 10,000 ",
P000BJYZ," 10,000 ",
P000BLNV," 10,000 ",
P000BIQI," 10,000 ",
P000BTIJ," 10,000 ",
P000BLNP," 10,000 ",
P000BLQS," 10,000 ",
P000BLQT," 10,000 ",
P000BHKY," 10,000 ",
P000BGZP," 10,000 ",
P000BPNS," 10,000 ",
P000BNSJ," 10,000 ",
P000BNSI," 10,000 ",
P000BGPU," 10,000 ",
P000BLNN," 10,000 ",
P000BLNL," 10,000 ",
P000BJJT," 10,000 ",
P000BKDT," 10,000 ",
P000BEUW," 10,000 ",
P000BEVB," 10,000 ",
P000BKVV," 10,000 ",
P000BQPS," 10,000 ",
P0000RJA," 10,000 ",
P000BJUV," 10,000 ",
P000BRMA," 10,000 ",
P000BFYV," 10,000 ",
P0000VZS," 10,000 ",
P000BGMC," 10,000 ",
P0000VYY," 10,000 ",
P000BKKL," 10,000 ",
P000BLRR," 10,000 ",
P0000VTR," 10,000 ",
P0000VTP," 10,000 ",
P0000NFC," 10,000 ",
P0000MYF," 10,000 ",
P0000MYG," 10,000 ",
P000BPSO," 10,000 ",
P0000VEV," 10,000 ",
P0000QON," 10,000 ",
P000BGST," 10,000 ",
P000BJIR," 10,000 ",
P000BIUP," 10,000 ",
P000BMYK," 10,000 ",
P000BJDX," 10,000 ",
P000BPAN," 10,000 ",
P000BTUE," 10,000 ",
P000BSFB," 10,000 ",
P000BJMO," 10,000 ",
P0000YBC," 10,000 ",
P000BUYY," 10,000 ",
P000BNFX," 10,000 ",
P000BPRX," 10,000 ",
P000BPFN," 10,000 ",
P000BTYM," 10,000 ",
P0000QDF," 12,000 ",
P0000UFX," 12,000 ",
P000BPIW," 12,000 ",
P0000XQR," 12,000 ",
P000BIVE," 12,000 ",
P0000PGF," 12,000 ",
P000BQQJ," 12,000 ",
P000BOJP," 12,000 ",
P000BLUA," 12,000 ",
P000BEAS," 12,000 ",
P000BPBK," 12,000 ",
P000BJYU," 12,000 ",
P000BJYF," 12,000 ",
P000BJYW," 12,000 ",
P000BJXU," 12,000 ",
P000BNTK," 12,000 ",
P0000YTJ," 12,000 ",
P0000QXM," 12,000 ",
P000BBJB," 12,000 ",
P000BJRP," 12,000 ",
P000BLOI," 12,000 ",
P000BQQY," 12,000 ",
P000BNSQ," 12,000 ",
P000BILT," 12,000 ",
P000BITP," 12,000 ",
P000BJPH," 12,000 ",
P000BITO," 12,000 ",
P000BLJO," 12,000 ",
P000BJSO," 12,000 ",
P000BKBC," 12,000 ",
P000BEOY," 12,000 ",
P0000VTT," 12,000 ",
P0000VTU," 12,000 ",
P000BLIR," 12,000 ",
P000BSMM," 12,000 ",
P0000VEU," 12,000 ",
P0000XNB," 12,000 ",
P000BEEA," 12,000 ",
P000BJXX," 12,000 ",
P000BIQC," 12,000 ",
P000BJK," 12,000 ",
P000BKDG," 12,000 ",
P000BGVZ," 12,000 ",
P000BJDD," 12,000 ",
P0000RJJ," 12,000 ",
P0000POE," 12,000 ",
P000BJZZ," 12,000 ",
P000BEEE," 12,000 ",
P000BRIG," 12,000 ",
P0000NMC," 12,000 ",
P000BCCH," 12,000 ",
P000BCCI," 12,000 ",
P000BJFT," 12,000 ",
P000BDIY," 12,000 ",
P000BMXQ," 12,000 ",
P000BHXS," 12,000 ",
P0000YCG," 12,000 ",
P0000VGS," 12,000 ",
P0000ZFL," 12,000 ",
P0000XPB," 14,000 ",
P0000UFZ," 14,000 ",
P0000XPA," 14,000 ",
P0000MLX," 14,000 ",
P0000MMB," 14,000 ",
P0000CPL," 14,000 ",
P0000UYN," 14,000 ",
P0000UMS," 14,000 ",
P000BJYY," 14,000 ",
P0000PMF," 14,000 ",
P000BGHR," 14,000 ",
P0000XMN," 14,000 ",
P000BLNW," 14,000 ",
P000BPEH," 14,000 ",
P000BQUU," 14,000 ",
P000BLQU," 14,000 ",
P000BJWZ," 14,000 ",
P000BGZD," 14,000 ",
P000BJNG," 14,000 ",
P000BPKC," 14,000 ",
P000BQQH," 14,000 ",
P000BNNU," 14,000 ",
P000BEVI," 14,000 ",
P000BNIH," 14,000 ",
P000BGEO," 14,000 ",
P000BAXT," 14,000 ",
P000BSNA," 14,000 ",
P0000RBS," 14,000 ",
P0000VTM," 14,000 ",
P0000VTO," 14,000 ",
P000BIEQ," 14,000 ",
P0000VOZ," 14,000 ",
P0000VPC," 14,000 ",
P000BKDZ," 14,000 ",
P000BKEA," 14,000 ",
P000BJFK," 14,000 ",
P000BGZO," 14,000 ",
P000BNAU," 14,000 ",
P0000WAT," 14,000 ",
P0000WBI," 14,000 ",
P0000VYE," 14,000 ",
P000BTER," 14,000 ",
P000BJZF," 14,000 ",
P000BSAA," 14,000 ",
P000BJZT," 14,000 ",
P000BNWA," 14,000 ",
P0000XOZ," 16,000 ",
P0000TIS," 16,000 ",
P000BQPK," 16,000 ",
P000BQPL," 16,000 ",
P000BNTL," 16,000 ",
P000BLEY," 16,000 ",
P0000COP," 16,000 ",
P0000RYQ," 16,000 ",
P000BJYX," 16,000 ",
P000BJYE," 16,000 ",
P000BQUR," 16,000 ",
P000BQVI," 16,000 ",
P000BGFG," 16,000 ",
P0000YBZ," 16,000 ",
P000BNRT," 16,000 ",
P0000QSV," 16,000 ",
P0000QSP," 16,000 ",
P0000YPO," 16,000 ",
P000BQQW," 16,000 ",
P000BTBI," 16,000 ",
P000BEVD," 16,000 ",
P000BEVF," 16,000 ",
P000BEVE," 16,000 ",
P000BEVG," 16,000 ",
P000BEVH," 16,000 ",
P000BEVC," 16,000 ",
P000BKDU," 16,000 ",
P000BNBV," 16,000 ",
P0000XCM," 16,000 ",
P000BUMM," 16,000 ",
P000BNGR," 16,000 ",
P000BGWY," 16,000 ",
P0000OIK," 16,000 ",
P0000SGN," 16,000 ",
P0000SHE," 16,000 ",
P000BOYH," 16,000 ",
P000BNMA," 16,000 ",
P000BPAE," 16,000 ",
P000BOZA," 16,000 ",
P000BHDL," 16,000 ",
P000BNWQ," 16,000 ",
P000BJXY," 16,000 ",
P000BIQD," 16,000 ",
P000BIQM," 16,000 ",
P000BJFI," 16,000 ",
P000BGWA," 16,000 ",
P000BGWB," 16,000 ",
P000BHPM," 16,000 ",
P000BGWD," 16,000 ",
P000BJDI," 16,000 ",
P000BJNR," 16,000 ",
P000BNAS," 16,000 ",
P000BIYP," 16,000 ",
P0000WAU," 16,000 ",
P000BFXA," 16,000 ",
P000BFWZ," 16,000 ",
P000BJHG," 16,000 ",
P000BLUZ," 16,000 ",
P000BGWZ," 16,000 ",
P000BPLY," 16,000 ",
P000BIAI," 16,000 ",
P000BPKJ," 16,000 ",
P000BPBY," 16,000 ",
P000BRIE," 16,000 ",
P000BLTR," 16,000 ",
P000BKWZ," 16,000 ",
P000BQTW," 16,000 ",
P000BQTV," 16,000 ",
P000BJSR," 16,000 ",
P000BPQX," 16,000 ",
P000BRHN," 16,000 ",
P000BRYQ," 16,000 ",
P0000UFT," 18,000 ",
P0000ZHN," 18,000 ",
P0000ZIK," 18,000 ",
P000BJTA," 18,000 ",
P000BPLN," 18,000 ",
P0000YYX," 18,000 ",
P000BPKG," 18,000 ",
P000BPOY," 18,000 ",
P00000ND," 18,000 ",
P000BHEX," 18,000 ",
P000BLQK," 18,000 ",
P000BJYG," 18,000 ",
P000BJOM," 18,000 ",
P000BLDS," 18,000 ",
P000BLRO," 18,000 ",
P0000VRU," 18,000 ",
P000BNHR," 18,000 ",
P000BKRF," 18,000 ",
P000BJNM," 18,000 ",
P0000PLG," 18,000 ",
P000BPMI," 18,000 ",
P0000VIN," 18,000 ",
P000BQSQ," 18,000 ",
P000BJSJ," 18,000 ",
P000BJSI," 18,000 ",
P000BJSH," 18,000 ",
P0000TZA," 18,000 ",
P0000PPQ," 18,000 ",
P0000RBR," 18,000 ",
P000BOYG," 18,000 ",
P000BSMN," 18,000 ",
P000BOWQ," 18,000 ",
P000BPJC," 18,000 ",
P000BGWE," 18,000 ",
P000BJXZ," 18,000 ",
P000BIYT," 18,000 ",
P000BJFH," 18,000 ",
P000BIYJ," 18,000 ",
P000BIQQ," 18,000 ",
P000BGZL," 18,000 ",
P000BHPT," 18,000 ",
P000BJST," 18,000 ",
P000BHPP," 18,000 ",
P000BPOX," 18,000 ",
P000BKUH," 18,000 ",
P000BLES," 18,000 ",
P000BKXE," 18,000 ",
P000BLUV," 18,000 ",
P0000UFA," 20,000 ",
P0000UFV," 20,000 ",
P000BPLH," 20,000 ",
P0000WAN," 20,000 ",
P000BION," 20,000 ",
P000BHAH," 20,000 ",
P000BBPP," 20,000 ",
P000BKMT," 20,000 ",
P0000ZCX," 20,000 ",
P0000YSR," 20,000 ",
P000BCAW," 20,000 ",
P000BJOL," 20,000 ",
P0000ZII," 20,000 ",
P000BIYR," 20,000 ",
P000BHHO," 20,000 ",
P000BGTI," 20,000 ",
P000BGZR," 20,000 ",
P000BPGI," 20,000 ",
P000BCBI," 20,000 ",
P000BGXN," 20,000 ",
P0000KZG," 20,000 ",
P000BHYR," 20,000 ",
P000BJIT," 20,000 ",
P000BJTW," 20,000 ",
P000BIUN," 20,000 ",
P000BHPR," 20,000 ",
P000BMYI," 20,000 ",
P000BFHP," 20,000 ",
P000BBIC," 20,000 ",
P000BJZU," 20,000 ",
P0000ZIR," 20,000 ",
P000BKWV," 20,000 ",
P000BJNC," 20,000 ",
P000BHSO," 20,000 ",
P0000UEZ," 22,000 ",
P000BHDM," 22,000 ",
P000BQZA," 22,000 ",
P00000VQ," 22,000 ",
P000BLDR," 22,000 ",
P000BFWC," 22,000 ",
P000BNHS," 22,000 ",
P000BJGV," 22,000 ",
P000BJPU," 22,000 ",
P000BKIY," 22,000 ",
P0000WSJ," 22,000 ",
P0000WSK," 22,000 ",
P000BNYW," 22,000 ",
P000BJLW," 22,000 ",
P000BHSD," 22,000 ",
P000BNSR," 22,000 ",
P000BIZG," 22,000 ",
P000BJDW," 22,000 ",
P000BHSB," 22,000 ",
P000BLVC," 22,000 ",
P000BLIQ," 22,000 ",
P0000ZCC," 22,000 ",
P000BGZS," 22,000 ",
P0000YTG," 22,000 ",
P0000QQT," 24,000 ",
P0000YMW," 24,000 ",
P000BSAN," 24,000 ",
P000BJKL," 24,000 ",
P000BPQP," 24,000 ",
P0000XAJ," 24,000 ",
P0000ZDU," 24,000 ",
P000BLNY," 24,000 ",
P000BIOQ," 24,000 ",
P000BIOO," 24,000 ",
P000BLNM," 24,000 ",
P000BJNE," 24,000 ",
P000BEVP," 24,000 ",
P000BKSE," 24,000 ",
P0000XAN," 24,000 ",
P000BFIG," 24,000 ",
P0000XPQ," 24,000 ",
P000BAOK," 24,000 ",
P000BFGR," 24,000 ",
P0000PPP," 24,000 ",
P0000NON," 24,000 ",
P0000PZT," 24,000 ",
P000BLVF," 24,000 ",
P000BKEB," 24,000 ",
P000BKEC," 24,000 ",
P000BLGJ," 24,000 ",
P000BLOO," 24,000 ",
P000BLZM," 24,000 ",
P000BILH," 24,000 ",
P000BJDJ," 24,000 ",
P000BJNS," 24,000 ",
P000BJTX," 24,000 ",
P000BNRP," 24,000 ",
P000BJBA," 24,000 ",
P0000ZDD," 24,000 ",
P0000RHR," 24,000 ",
P0000ZCD," 24,000 ",
P000BJZV," 24,000 ",
P000BLBZ," 24,000 ",
P000BHSL," 24,000 ",
P000BRTD," 26,000 ",
P000BAIB," 26,000 ",
P000BKVA," 26,000 ",
P000BBRY," 26,000 ",
P000BJEY," 26,000 ",
P000BHOV," 26,000 ",
P000BRCK," 26,000 ",
P000BTLJ," 26,000 ",
P0000UZJ," 26,000 ",
P0000XAK," 26,000 ",
P000BBJS," 26,000 ",
P000BQQX," 26,000 ",
P000BBMJ," 26,000 ",
P0000XAO," 26,000 ",
P0000XPV," 26,000 ",
P000BUUG," 26,000 ",
P000BNTM," 26,000 ",
P0000YKH," 26,000 ",
P000BIER," 26,000 ",
P0000TKV," 26,000 ",
P000BGZV," 26,000 ",
P000BIYO," 26,000 ",
P000BUQW," 26,000 ",
P000BQXO," 26,000 ",
P000BRXN," 26,000 ",
P000BKUP," 26,000 ",
P000BPTA," 28,000 ",
P000BBIL," 28,000 ",
P000BPKH," 28,000 ",
P000BQZC," 28,000 ",
P000BLTS," 28,000 ",
P000BGZA," 28,000 ",
P000BPOS," 28,000 ",
P000BPGH," 28,000 ",
P000BLNO," 28,000 ",
P000BLFS," 28,000 ",
P000BKKI," 28,000 ",
P000BLUR," 28,000 ",
P000BNQA," 28,000 ",
P0000MUK," 28,000 ",
P0000MUL," 28,000 ",
P0000TEV," 28,000 ",
P0000YOJ," 28,000 ",
P0000WBE," 28,000 ",
P000BQRM," 28,000 ",
P000BLNJ," 30,000 ",
P000BHAE," 30,000 ",
P000BPQW," 30,000 ",
P000BLUW," 30,000 ",
P000BGTX," 30,000 ",
P000BKIU," 30,000 ",
P0000VVP," 30,000 ",
P000BLTU," 30,000 ",
P000BNUU," 30,000 ",
P000BNUT," 30,000 ",
P000BRFF," 30,000 ",
P000BFWD," 30,000 ",
P0000XAL," 30,000 ",
P0000XAM," 30,000 ",
P000BLRW," 30,000 ",
P000BLNQ," 30,000 ",
P0000ZAH," 30,000 ",
P000BEVM," 30,000 ",
P000BEVO," 30,000 ",
P000BDQA," 30,000 ",
P0000XAP," 30,000 ",
P0000XAQ," 30,000 ",
P000BKIZ," 30,000 ",
P0000YCJ," 30,000 ",
P0000XQV," 30,000 ",
P000BOIP," 30,000 ",
P000BEHY," 30,000 ",
P000BGLU," 30,000 ",
P000BTHC," 30,000 ",
P000BTHD," 30,000 ",
P0000NVU," 30,000 ",
P000BLUX," 30,000 ",
P0000NYM," 30,000 ",
P0000YIF," 30,000 ",
P0000PYQ," 30,000 ",
P0000UGV," 30,000 ",
P0000UGS," 30,000 ",
P000BICE," 30,000 ",
P000BBQS," 30,000 ",
P000BLTK," 30,000 ",
P000BOLF," 30,000 ",
P000BROJ," 30,000 ",
P000BJFJ," 30,000 ",
P000BJYA," 30,000 ",
P000BHPN," 30,000 ",
P000BIZJ," 30,000 ",
P000BIUO," 30,000 ",
P000BLJB," 30,000 ",
P000BJIC," 30,000 ",
P000BPOQ," 30,000 ",
P0000PFZ," 30,000 ",
P0000YSD," 30,000 ",
P000BJAC," 30,000 ",
P000BQPQ," 30,000 ",
P000BPSU," 30,000 ",
P000BFTP," 30,000 ",
P0000SBI," 30,000 ",
P000BNIQ," 30,000 ",
P000BHSK," 30,000 ",
P000BLDT," 30,000 ",
P000BLGY," 35,000 ",리퍼브
P000BPJM," 35,000 ",
P000BHAI," 35,000 ",
P000BGTW," 35,000 ",
P0000RMV," 35,000 ",
P000BBKI," 35,000 ",
P000BGZH," 35,000 ",
P0000UZP," 35,000 ",
P0000ZDT," 35,000 ",
P000BLNX," 35,000 ",
P000BLTJ," 35,000 ",
P000BLUQ," 35,000 ",
P0000ZCL," 35,000 ",
P000BFMP," 35,000 ",
P0000RAF," 35,000 ",
P0000TCL," 35,000 ",
P0000UGB," 35,000 ",
P0000TZX," 35,000 ",
P000BLUY," 35,000 ",
P000BHYS," 35,000 ",
P000BJNZ," 35,000 ",
P000BIZI," 35,000 ",
P000BIQG," 35,000 ",
P000BNRO," 35,000 ",
P000BJPF," 35,000 ",
P000BITT," 35,000 ",
P000BILI," 35,000 ",
P0000TBO," 35,000 ",
P0000ZLR," 35,000 ",
P000BFSJ," 35,000 ",
P000BOFE," 35,000 ",
P000BQPR," 35,000 ",
P0000SVT," 35,000 ",
P000BJMP," 35,000 ",
P000BOVK," 35,000 ",
P000BSJX," 35,000 ",
P000BPKZ," 35,000 ",
P0000JWT," 35,000 ",
P000BPBG," 35,000 ",
P000BHAF," 40,000 ",
P000BIJZ," 40,000 ",
P000BPBM," 40,000 ",
P000BJEZ," 40,000 ",
P000BLNK," 40,000 ",
P0000UZQ," 40,000 ",
P000BLNZ," 40,000 ",
P0000YXH," 40,000 ",
P000BLJM," 40,000 ",
P000BLMJ," 40,000 ",
P0000YJQ," 40,000 ",
P0000YTF," 40,000 ",
P0000ZCQ," 40,000 ",
P000BFNX," 40,000 ",
P000BFTT," 40,000 ",
P0000QYU," 40,000 ",
P000BNRH," 40,000 ",
P000BHSA," 40,000 ",
P0000XAS," 40,000 ",
P000BGDB," 40,000 ",
P000BGZT," 40,000 ",
P000BPKX," 40,000 ",
P000BPJD," 40,000 ",
P000BRXO," 40,000 ",
P000BPRT," 40,000 ",
P000BLHA," 45,000 ",리퍼브
P000BLHB," 45,000 ",리퍼브
P000BLNI," 45,000 ",
P000BPRE," 45,000 ",
P0000YZJ," 45,000 ",
P000BLIK," 45,000 ",
P000BLVJ," 45,000 ",
P000BGZB," 45,000 ",
P000BTDA," 45,000 ",
P000BQQZ," 45,000 ",
P000BSMZ," 45,000 ",
P000BLZK," 45,000 ",
P000BFIE," 45,000 ",
P000BNPX," 45,000 ",
P000BSGR," 45,000 ",
P000BBGX," 45,000 ",
P000BFJP," 45,000 ",
P0000PLQ," 45,000 ",
P0000SKA," 45,000 ",
P000BGZW," 45,000 ",
P000BLDD," 45,000 ",
P000BHPQ," 45,000 ",
P000BAHF," 45,000 ",
P0000YTX," 45,000 ",
P000BFTQ," 45,000 ",
P0000XSK," 45,000 ",
P000BQVZ," 45,000 ",
P000BLGZ," 50,000 ",리퍼브
P000BLHC," 50,000 ",리퍼브
P000BICD," 50,000 ",
P000BHAJ," 50,000 ",
P000BPLV," 50,000 ",
P0000YTW," 50,000 ",
P000BLRA," 50,000 ",
P0000YDU," 50,000 ",
P0000ZLH," 50,000 ",
P000BLQI," 50,000 ",
P0000UZW," 50,000 ",
P0000YZK," 50,000 ",
P000BDKB," 50,000 ",
P000BDHF," 50,000 ",
P000BLJA," 50,000 ",
P000BGRB," 50,000 ",
P0000ZLU," 50,000 ",
P000BLTP," 50,000 ",
P000BIZS," 50,000 ",
P0000YSW," 50,000 ",
P0000YQA," 50,000 ",
P000BGDA," 50,000 ",
P000BGZU," 50,000 ",
P000BPLU," 55,000 ",
P000BGZC," 55,000 ",
P000BOWF," 55,000 ",
P000BLOA," 55,000 ",
P000BKSW," 55,000 ",
P000BLCK," 55,000 ",
P0000YTS," 55,000 ",
P000BGZX," 55,000 ",
P0000YSX," 55,000 ",
P0000XSI," 55,000 ",
P000BJWL," 60,000 ",
P000BGZI," 60,000 ",
P0000TFF," 60,000 ",
P000BBJA," 60,000 ",
P000BLQL," 60,000 ",
P000BJLN," 60,000 ",
P0000OLR," 60,000 ",
P000BAHP," 60,000 ",
P000BJGB," 60,000 ",
P000BSPX," 60,000 ",
P000BIVB," 60,000 ",
P000BHSH," 60,000 ",
P000BAHH," 60,000 ",
P0000XSL," 60,000 ",
P000BJHK," 60,000 ",
P000BPIV," 60,000 ",
P000BPJE," 60,000 ",
P0000XAV," 60,000 ",
P000BSIJ," 60,000 ",
P0000YTT," 60,000 ",
P000BNWB," 60,000 ",
P000BOYX," 70,000 ",
P000BQVQ," 70,000 ",
P000BBMC," 70,000 ",
P000BPBN," 70,000 ",
P0000YJF," 70,000 ",
P000BBPS," 70,000 ",
P000BFIH," 70,000 ",
P000BAHQ," 70,000 ",
P000BQOZ," 70,000 ",
P000BQOY," 70,000 ",
P000BLZC," 70,000 ",
P000BILO," 70,000 ",
P000BSCE," 70,000 ",
P0000XAW," 70,000 ",
P0000XAY," 70,000 ",
P000BJFU," 80,000 ",
P000BGZJ," 80,000 ",
P000BAHR," 80,000 ",
P0000YZY," 80,000 ",
P000BJNU," 80,000 ",
P000BRNE," 80,000 ",
P0000XAZ," 80,000 ",
P0000YRV," 90,000 ",
P000BBSS," 90,000 ",
P000BHPS," 90,000 ",
P0000YUC," 90,000 ",
P0000YTY," 90,000 ",
P000BBKM," 100,000 ",
P000BGSL," 100,000 ",
P000BBIK," 100,000 ",
P000BSPY," 100,000 ",
P000BJIY," 100,000 ",
P000BJDU," 100,000 ",
P000BPAO," 100,000 ",
P000BRNB," 100,000 ",
P000BAKQ," 100,000 ",
P000BMZN," 120,000 ",
P000BBKN," 120,000 ",
P000BGLY," 120,000 ",
P000BQPA," 120,000 ",
P000BQPF," 120,000 ",
P000BLZD," 120,000 ",
P000BRNF," 120,000 ",
P000BRNG," 120,000 ",
P000BRNC," 120,000 ",
P0000YTL," 120,000 ",
P000BLZT," 140,000 ",
P000BFZX," 140,000 ",
P000BGSM," 140,000 ",
P000BRNA," 140,000 ",
P000BRMO," 140,000 ",
P000BQXI," 160,000 ",
P000BBKO," 160,000 ",
P000BGSN," 180,000 ",
P000BRYT," 180,000 ",
P000BJNT," 180,000 ",
P000BBKA," 240,000 ",
P0000YQM," 240,000 ",
P000BGZZ," 240,000 ",
P000BHPU," 300,000 ",
